Workbook

Sheet Sheet1
A1: BRANCH ID | B1: PROJECT ID | C1: PROJECT NAME | D1: Branch Name
A2: LB00 | B2: 1001 | C2: تطوير ورفع كفاءة طريق المخيلي بطول 1.8 كم | D2: فرع ليبيا
A3: LB00 | B3: 1002 | C3: كوبري مخل مدينة درنة القبة | D3: فرع ليبيا
A4: LB00 | B4: 1003 | C4: كوبرى أعلى وادى أبو مهبول | D4: فرع ليبيا
A5: LB00 | B5: 1004 | C5: مشروع كوبري امساعد | D5: فرع ليبيا
A6: LB00 | B6: 1005 | C6: مشروع كوبري المركز الطبي | D6: فرع ليبيا
A7: LB00 | B7: 1006 | C7: مشروع تطوير وتوسعة طريق عمر المختار الغريقة بطول 16 كم | D7: فرع ليبيا
A8: LB00 | B8: 1007 | C8: مشروع كوبري خروبة | D8: فرع ليبيا
A9: LB00 | B9: 1008 | C9: مشروع طريق وادي الكوف | D9: فرع ليبيا
A10: SU00 | B10: 1009 | C10: تأهيل و تجهيز فرع جامعة الإسكندرية بتونج | D10: فرع السودان
A11: SU00 | B11: 1010 | C11: انشاء سور علي الأرض المخصصة لانشاء مقر بعثة الري المصري بجوبا | D11: فرع السودان
A12: SU00 | B12: 1011 | C12: انشاء و تأهيل محطة قياس المناسيب و التصرفات بمدينة بور | D12: فرع السودان
A13: CH00 | B13: 1012 | C13: أعمال انشاء الشوارع الداخلية بمدينه بنجور بطول 10 كم (LOT2) | D13: فرع تشاد
... A142: OM01 | B142: 1143 | C142: تصميم وتنفيذ كوبرى يتى رقم 9 بمحافظة مسقط | D142: شركة المقاولون العرب العمانية

Sheet PROJECT BACK HECTORY
A1: Branch Name | B1: PROJECT ID | C1: الدولة | D1: تاريخ تحديث البيان | E1: اسم المشروع | F1: GOOGLE MAP موقع المشروع جغرافيا | G1: اجمالى القيمة التعاقدية (A) | H1: منفذ شامل مستخلص داخلى (B) | I1: B/A | J1: منفذ معتمد (C) | K1: C/A | L1: اعمال مسدده (D) | M1: D/C | N1: سيولة محصلة (F) | O1: F/C | P1: الاعمال القابلة للصرف (H) | Q1: H/B | R1: غير قابلة للصرف (G) | S1: G/C | T1: الربحية (I) | U1: I/C | V1: الاجور (J) | W1: J/C | X1: تاريخ بدء المشروع التعاقدى | Y1: تاريخ نهو المشروع المعدل شامل مد مدة الزمنى | Z1: اجمالى المدة الزمنية المعتمدة | AA1: المدة المنقضبة | AB1: نسبة انقضاء المدة الزمنية
A2: {=_xlfn.XLOOKUP(P_FACT[[#This Row],[PROJECT ID]],Table3[PROJECT ID],Sheet1!$D$2:$D$142)} -> شركة المقاولون العرب النيجيرية | B2: 1057 | C2: Nigeria | D2: 46234 | E2: CONSTRUCTION OF 44KM DUAL CARRIAGEWAY BIDA RING ROAD IN NIGER STATE | F2: https://maps.app.goo.gl/wMuiK3DYnfKTT7SP8 | G2: 1.4609214e+08 | H2: 34686850 | I2: =P_FACT[[#This Row],[منفذ شامل مستخلص داخلى (B)]]/P_FACT[[#This Row],[اجمالى القيمة التعاقدية (A)]] -> 0.23743132 | J2: 32811850 | K2: =P_FACT[[#This Row],[منفذ معتمد (C)]]/P_FACT[[#This Row],[اجمالى القيمة التعاقدية (A)]] -> 0.22459695 | L2: 26147096 | M2: =IF(P_FACT[[#This Row],[منفذ معتمد (C)]]>0,P_FACT[[#This Row],[اعمال مسدده (D)]]/P_FACT[[#This Row],[منفذ معتمد (C)]],0) -> 0.79687966 | N2: 45371240 | O2: =IF(P_FACT[[#This Row],[منفذ معتمد (C)]]>0,P_FACT[[#This Row],[سيولة محصلة (F)]]/P_FACT[[#This Row],[منفذ معتمد (C)]],0) -> 1.3827699 | P2: 6664754.4 | Q2: =IF(P_FACT[[#This Row],[منفذ شامل مستخلص داخلى (B)]]>0,P_FACT[[#This Row],[الاعمال القابلة للصرف (H)]]/P_FACT[[#This Row],[منفذ شامل مستخلص داخلى (B)]],0) -> 0.19214066 | R2: 1875000 | S2: =IF(P_FACT[[#This Row],[منفذ معتمد (C)]]>0,P_FACT[[#This Row],[غير قابلة للصرف (G)]]/P_FACT[[#This Row],[منفذ معتمد (C)]],0) -> 0.057143988 | T2: 502093.91 | U2: =IF(P_FACT[[#This Row],[منفذ معتمد (C)]]>0,P_FACT[[#This Row],[الربحية (I)]]/P_FACT[[#This Row],[منفذ معتمد (C)]],0) -> 0.015302213 | V2: 2881628.9 | W2: =IF(P_FACT[[#This Row],[منفذ معتمد (C)]]>0,P_FACT[[#This Row],[الاجور (J)]]/P_FACT[[#This Row],[منفذ معتمد (C)]],0) -> 0.087822809 | X2: 45314 | Y2: 46775 | Z2: =P_FACT[[#This Row],[تاريخ نهو المشروع المعدل شامل مد مدة الزمنى]]-P_FACT[[#This Row],[تاريخ بدء المشروع التعاقدى]] -> 1461 | AA2: =P_FACT[[#This Row],[تاريخ نهو المشروع المعدل شامل مد مدة الزمنى]]-P_FACT[[#This Row],[تاريخ تحديث البيان]] -> 541 | AB2: =(P_FACT[[#This Row],[اجمالى المدة الزمنية المعتمدة]]-P_FACT[[#This Row],[المدة المنقضبة]])/P_FACT[[#This Row],[اجمالى المدة الزمنية المعتمدة]] -> 0.62970568
A3: {=_xlfn.XLOOKUP(P_FACT[[#This Row],[PROJECT ID]],Table3[PROJECT ID],Sheet1!$D$2:$D$142)} -> شركة المقاولون العرب النيجيرية | B3: 1115 | C3: Nigeria | D3: 46234 | E3: DUALISATION OF MINNA – BIDA ROAD 27 KM kAKAKPANGI TO BIDA ROAD (CH55+000-CH82+000 ) (LOT 3) | F3: https://maps.app.goo.gl/J2yonS1sWczSA8b26 | G3: 37230155 | H3: 7070573.4 | I3: =P_FACT[[#This Row],[منفذ شامل مستخلص داخلى (B)]]/P_FACT[[#This Row],[اجمالى القيمة التعاقدية (A)]] -> 0.18991523 | J3: 6568376.3 | K3: =P_FACT[[#This Row],[منفذ معتمد (C)]]/P_FACT[[#This Row],[اجمالى القيمة التعاقدية (A)]] -> 0.17642624 | L3: 6568294.3 | M3: =IF(P_FACT[[#This Row],[منفذ معتمد (C)]]>0,P_FACT[[#This Row],[اعمال مسدده (D)]]/P_FACT[[#This Row],[منفذ معتمد (C)]],0) -> 0.99998752 | N3: 12580780 | O3: =IF(P_FACT[[#This Row],[منفذ معتمد (C)]]>0,P_FACT[[#This Row],[سيولة محصلة (F)]]/P_FACT[[#This Row],[منفذ معتمد (C)]],0) -> 1.9153561 | P3: 81.958569 | Q3: =IF(P_FACT[[#This Row],[منفذ شامل مستخلص داخلى (B)]]>0,P_FACT[[#This Row],[الاعمال القابلة للصرف (H)]]/P_FACT[[#This Row],[منفذ شامل مستخلص داخلى (B)]],0) -> 1.1591502e-05 | R3: 502197.11 | S3: =IF(P_FACT[[#This Row],[منفذ معتمد (C)]]>0,P_FACT[[#This Row],[غير قابلة للصرف (G)]]/P_FACT[[#This Row],[منفذ معتمد (C)]],0) -> 0.076456812 | T3: 282822.94 | U3: =IF(P_FACT[[#This Row],[منفذ معتمد (C)]]>0,P_FACT[[#This Row],[الربحية (I)]]/P_FACT[[#This Row],[منفذ معتمد (C)]],0) -> 0.043058272 | V3: 707057.34 | W3: =IF(P_FACT[[#This Row],[منفذ معتمد (C)]]>0,P_FACT[[#This Row],[الاجور (J)]]/P_FACT[[#This Row],[منفذ معتمد (C)]],0) -> 0.10764568 | X3: 45944 | Y3: 46674 | Z3: =P_FACT[[#This Row],[تاريخ نهو المشروع المعدل شامل مد مدة الزمنى]]-P_FACT[[#This Row],[تاريخ بدء المشروع التعاقدى]] -> 730 | AA3: =P_FACT[[#This Row],[تاريخ نهو المشروع المعدل شامل مد مدة الزمنى]]-P_FACT[[#This Row],[تاريخ تحديث البيان]] -> 440 | AB3: =(P_FACT[[#This Row],[اجمالى المدة الزمنية المعتمدة]]-P_FACT[[#This Row],[المدة المنقضبة]])/P_FACT[[#This Row],[اجمالى المدة الزمنية المعتمدة]] -> 0.39726027
A4: {=_xlfn.XLOOKUP(P_FACT[[#This Row],[PROJECT ID]],Table3[PROJECT ID],Sheet1!$D$2:$D$142)} -> فرع الجزائر | B4: 1018 | C4: Algeria | D4: 46234 | E4: تشطيبات سجن تلمسان لوط 06-07 | F4: https://maps.app.goo.gl/RBuCHfYQh44Md4DQ8 | G4: 1776202.4 | H4: 1631040.9 | I4: =P_FACT[[#This Row],[منفذ شامل مستخلص داخلى (B)]]/P_FACT[[#This Row],[اجمالى القيمة التعاقدية (A)]] -> 0.91827422 | J4: 1571152.5 | K4: =P_FACT[[#This Row],[منفذ معتمد (C)]]/P_FACT[[#This Row],[اجمالى القيمة التعاقدية (A)]] -> 0.88455715 | L4: 1492594.9 | M4: =IF(P_FACT[[#This Row],[منفذ معتمد (C)]]>0,P_FACT[[#This Row],[اعمال مسدده (D)]]/P_FACT[[#This Row],[منفذ معتمد (C)]],0) -> 0.95 | N4: 1492594.9 | O4: =IF(P_FACT[[#This Row],[منفذ معتمد (C)]]>0,P_FACT[[#This Row],[سيولة محصلة (F)]]/P_FACT[[#This Row],[منفذ معتمد (C)]],0) -> 0.95 | P4: 78557.626 | Q4: =IF(P_FACT[[#This Row],[منفذ شامل مستخلص داخلى (B)]]>0,P_FACT[[#This Row],[الاعمال القابلة للصرف (H)]]/P_FACT[[#This Row],[منفذ شامل مستخلص داخلى (B)]],0) -> 0.048164106 | R4: 59888.353 | S4: =IF(P_FACT[[#This Row],[منفذ معتمد (C)]]>0,P_FACT[[#This Row],[غير قابلة للصرف (G)]]/P_FACT[[#This Row],[منفذ معتمد (C)]],0) -> 0.038117466 | T4: -317967.26 | U4: =IF(P_FACT[[#This Row],[منفذ معتمد (C)]]>0,P_FACT[[#This Row],[الربحية (I)]]/P_FACT[[#This Row],[منفذ معتمد (C)]],0) -> -0.20237835 | V4: 558738.32 | W4: =IF(P_FACT[[#This Row],[منفذ معتمد (C)]]>0,P_FACT[[#This Row],[الاجور (J)]]/P_FACT[[#This Row],[منفذ معتمد (C)]],0) -> 0.35562322 | X4: 41644 | Y4: 42900 | Z4: =P_FACT[[#This Row],[تاريخ نهو المشروع المعدل شامل مد مدة الزمنى]]-P_FACT[[#This Row],[تاريخ بدء المشروع التعاقدى]] -> 1256 | AA4: =P_FACT[[#This Row],[تاريخ نهو المشروع المعدل شامل مد مدة الزمنى]]-P_FACT[[#This Row],[تاريخ تحديث البيان]] -> -3334 | AB4: =(P_FACT[[#This Row],[اجمالى المدة الزمنية المعتمدة]]-P_FACT[[#This Row],[المدة المنقضبة]])/P_FACT[[#This Row],[اجمالى المدة الزمنية المعتمدة]] -> 3.6544586
A5: {=_xlfn.XLOOKUP(P_FACT[[#This Row],[PROJECT ID]],Table3[PROJECT ID],Sheet1!$D$2:$D$142)} -> فرع الجزائر | B5: 1020 | C5: Algeria | D5: 46234 | E5: اقامة مبني المرافقين (الحرس الجمهوري) | F5: https://maps.app.goo.gl/6k1ApdCkTp3Csgbj9 | G5: 3512183.6 | H5: 3399839.2 | I5: =P_FACT[[#This Row],[منفذ شامل مستخلص داخلى (B)]]/P_FACT[[#This Row],[اجمالى القيمة التعاقدية (A)]] -> 0.96801296 | J5: 3321471.2 | K5: =P_FACT[[#This Row],[منفذ معتمد (C)]]/P_FACT[[#This Row],[اجمالى القيمة التعاقدية (A)]] -> 0.94569977 | L5: 3321471.2 | M5: =IF(P_FACT[[#This Row],[منفذ معتمد (C)]]>0,P_FACT[[#This Row],[اعمال مسدده (D)]]/P_FACT[[#This Row],[منفذ معتمد (C)]],0) -> 1 | N5: 3321471.2 | O5: =IF(P_FACT[[#This Row],[منفذ معتمد (C)]]>0,P_FACT[[#This Row],[سيولة محصلة (F)]]/P_FACT[[#This Row],[منفذ معتمد (C)]],0) -> 1 | P5: 0 | Q5: =IF(P_FACT[[#This Row],[منفذ شامل مستخلص داخلى (B)]]>0,P_FACT[[#This Row],[الاعمال القابلة للصرف (H)]]/P_FACT[[#This Row],[منفذ شامل مستخلص داخلى (B)]],0) -> 0 | R5: 78368 | S5: =IF(P_FACT[[#This Row],[منفذ معتمد (C)]]>0,P_FACT[[#This Row],[غير قابلة للصرف (G)]]/P_FACT[[#This Row],[منفذ معتمد (C)]],0) -> 0.023594364 | T5: 665829.75 | U5: =IF(P_FACT[[#This Row],[منفذ معتمد (C)]]>0,P_FACT[[#This Row],[الربحية (I)]]/P_FACT[[#This Row],[منفذ معتمد (C)]],0) -> 0.2004623 | V5: 0 | W5: =IF(P_FACT[[#This Row],[منفذ معتمد (C)]]>0,P_FACT[[#This Row],[الاجور (J)]]/P_FACT[[#This Row],[منفذ معتمد (C)]],0) -> 0 | X5: 40350 | Y5: 41487 | Z5: =P_FACT[[#This Row],[تاريخ نهو المشروع المعدل شامل مد مدة الزمنى]]-P_FACT[[#This Row],[تاريخ بدء المشروع التعاقدى]] -> 1137 | AA5: =P_FACT[[#This Row],[تاريخ نهو المشروع المعدل شامل مد مدة الزمنى]]-P_FACT[[#This Row],[تاريخ تحديث البيان]] -> -4747 | AB5: =(P_FACT[[#This Row],[اجمالى المدة الزمنية المعتمدة]]-P_FACT[[#This Row],[المدة المنقضبة]])/P_FACT[[#This Row],[اجمالى المدة الزمنية المعتمدة]] -> 5.175022
A6: {=_xlfn.XLOOKUP(P_FACT[[#This Row],[PROJECT ID]],Table3[PROJECT ID],Sheet1!$D$2:$D$142)} -> فرع الجزائر | B6: 1019 | C6: Algeria | D6: 46234 | E6: تشطيبات فيلا ريفو المرحلة الثالثة | F6: https://maps.app.goo.gl/6k1ApdCkTp3Csgbj9 | G6: 1409557.7 | H6: 1401659.6 | I6: =P_FACT[[#This Row],[منفذ شامل مستخلص داخلى (B)]]/P_FACT[[#This Row],[اجمالى القيمة التعاقدية (A)]] -> 0.99439675 | J6: 1127493.2 | K6: =P_FACT[[#This Row],[منفذ معتمد (C)]]/P_FACT[[#This Row],[اجمالى القيمة التعاقدية (A)]] -> 0.7998915 | L6: 1127493.2 | M6: =IF(P_FACT[[#This Row],[منفذ معتمد (C)]]>0,P_FACT[[#This Row],[اعمال مسدده (D)]]/P_FACT[[#This Row],[منفذ معتمد (C)]],0) -> 1 | N6: 1127493.2 | O6: =IF(P_FACT[[#This Row],[منفذ معتمد (C)]]>0,P_FACT[[#This Row],[سيولة محصلة (F)]]/P_FACT[[#This Row],[منفذ معتمد (C)]],0) -> 1 | P6: 0 | Q6: =IF(P_FACT[[#This Row],[منفذ شامل مستخلص داخلى (B)]]>0,P_FACT[[#This Row],[الاعمال القابلة للصرف (H)]]/P_FACT[[#This Row],[منفذ شامل مستخلص داخلى (B)]],0) -> 0 | R6: 274166.36 | S6: =IF(P_FACT[[#This Row],[منفذ معتمد (C)]]>0,P_FACT[[#This Row],[غير قابلة للصرف (G)]]/P_FACT[[#This Row],[منفذ معتمد (C)]],0) -> 0.24316454 | T6: 255003.31 | U6: =IF(P_FACT[[#This Row],[منفذ معتمد (C)]]>0,P_FACT[[#This Row],[الربحية (I)]]/P_FACT[[#This Row],[منفذ معتمد (C)]],0) -> 0.22616838 | V6: 0 | W6: =IF(P_FACT[[#This Row],[منفذ معتمد (C)]]>0,P_FACT[[#This Row],[الاجور (J)]]/P_FACT[[#This Row],[منفذ معتمد (C)]],0) -> 0 | X6: 40533 | Y6: 41257 | Z6: =P_FACT[[#This Row],[تاريخ نهو المشروع المعدل شامل مد مدة الزمنى]]-P_FACT[[#This Row],[تاريخ بدء المشروع التعاقدى]] -> 724 | AA6: =P_FACT[[#This Row],[تاريخ نهو المشروع المعدل شامل مد مدة الزمنى]]-P_FACT[[#This Row],[تاريخ تحديث البيان]] -> -4977 | AB6: =(P_FACT[[#This Row],[اجمالى المدة الزمنية المعتمدة]]-P_FACT[[#This Row],[المدة المنقضبة]])/P_FACT[[#This Row],[اجمالى المدة الزمنية المعتمدة]] -> 7.8743094
A7: {=_xlfn.XLOOKUP(P_FACT[[#This Row],[PROJECT ID]],Table3[PROJECT ID],Sheet1!$D$2:$D$142)} -> فرع الجزائر | B7: 1021 | C7: Algeria | D7: 46234 | E7: مركز سرطان الأطفال بباب الواد | F7: https://maps.app.goo.gl/raLpekTRgc74bFT78 | G7: 14913739 | H7: 14613519 | I7: =P_FACT[[#This Row],[منفذ شامل مستخلص داخلى (B)]]/P_FACT[[#This Row],[اجمالى القيمة التعاقدية (A)]] -> 0.97986959 | J7: 12613732 | K7: =P_FACT[[#This Row],[منفذ معتمد (C)]]/P_FACT[[#This Row],[اجمالى القيمة التعاقدية (A)]] -> 0.84577932 | L7: 12613732 | M7: =IF(P_FACT[[#This Row],[منفذ معتمد (C)]]>0,P_FACT[[#This Row],[اعمال مسدده (D)]]/P_FACT[[#This Row],[منفذ معتمد (C)]],0) -> 1 | N7: 14758066 | O7: =IF(P_FACT[[#This Row],[منفذ معتمد (C)]]>0,P_FACT[[#This Row],[سيولة محصلة (F)]]/P_FACT[[#This Row],[منفذ معتمد (C)]],0) -> 1.17 | P7: 0 | Q7: =IF(P_FACT[[#This Row],[منفذ شامل مستخلص داخلى (B)]]>0,P_FACT[[#This Row],[الاعمال القابلة للصرف (H)]]/P_FACT[[#This Row],[منفذ شامل مستخلص داخلى (B)]],0) -> 0 | R7: 1999787.3 | S7: =IF(P_FACT[[#This Row],[منفذ معتمد (C)]]>0,P_FACT[[#This Row],[غير قابلة للصرف (G)]]/P_FACT[[#This Row],[منفذ معتمد (C)]],0) -> 0.15854049 | T7: 266111.1 | U7: =IF(P_FACT[[#This Row],[منفذ معتمد (C)]]>0,P_FACT[[#This Row],[الربحية (I)]]/P_FACT[[#This Row],[منفذ معتمد (C)]],0) -> 0.021096936 | V7: 1494332.5 | W7: =IF(P_FACT[[#This Row],[منفذ معتمد (C)]]>0,P_FACT[[#This Row],[الاجور (J)]]/P_FACT[[#This Row],[منفذ معتمد (C)]],0) -> 0.1184687 | X7: 41534 | Y7: 44471 | Z7: =P_FACT[[#This Row],[تاريخ نهو المشروع المعدل شامل مد مدة الزمنى]]-P_FACT[[#This Row],[تاريخ بدء المشروع التعاقدى]] -> 2937 | AA7: =P_FACT[[#This Row],[تاريخ نهو المشروع المعدل شامل مد مدة الزمنى]]-P_FACT[[#This Row],[تاريخ تحديث البيان]] -> -1763 | AB7: =(P_FACT[[#This Row],[اجمالى المدة الزمنية المعتمدة]]-P_FACT[[#This Row],[المدة المنقضبة]])/P_FACT[[#This Row],[اجمالى المدة الزمنية المعتمدة]] -> 1.6002724
A8: {=_xlfn.XLOOKUP(P_FACT[[#This Row],[PROJECT ID]],Table3[PROJECT ID],Sheet1!$D$2:$D$142)} -> فرع جزر القمر | B8: 1023 | C8: Union of the Comoros | D8: 46234 | E8: مشروع طريق (اوزيو - اوسايو-باندا) بطول 6 كم | F8: https://www.google.com/maps/dir/-11.6543581,43.2650725/-11.4044271,43.3779161/@-11.4045136,43.3776668,55m/data=!3m1!1e3!4m6!4m5!1m1!4e1!1m1!4e1!3e2?entry=ttu&g_ep=EgoyMDI0MDgyMS4wIKXMDSoASAFQAw%3D%3D | G8: 1748959.3 | H8: 1748959.3 | I8: =P_FACT[[#This Row],[منفذ شامل مستخلص داخلى (B)]]/P_FACT[[#This Row],[اجمالى القيمة التعاقدية (A)]] -> 1 | J8: 1748959.3 | K8: =P_FACT[[#This Row],[منفذ معتمد (C)]]/P_FACT[[#This Row],[اجمالى القيمة التعاقدية (A)]] -> 1 | L8: 1748959.3 | M8: =IF(P_FACT[[#This Row],[منفذ معتمد (C)]]>0,P_FACT[[#This Row],[اعمال مسدده (D)]]/P_FACT[[#This Row],[منفذ معتمد (C)]],0) -> 1 | N8: 1748959.3 | O8: =IF(P_FACT[[#This Row],[منفذ معتمد (C)]]>0,P_FACT[[#This Row],[سيولة محصلة (F)]]/P_FACT[[#This Row],[منفذ معتمد (C)]],0) -> 1 | P8: 0 | Q8: =IF(P_FACT[[#This Row],[منفذ شامل مستخلص داخلى (B)]]>0,P_FACT[[#This Row],[الاعمال القابلة للصرف (H)]]/P_FACT[[#This Row],[منفذ شامل مستخلص داخلى (B)]],0) -> 0 | R8: 0 | S8: =IF(P_FACT[[#This Row],[منفذ معتمد (C)]]>0,P_FACT[[#This Row],[غير قابلة للصرف (G)]]/P_FACT[[#This Row],[منفذ معتمد (C)]],0) -> 0 | T8: 81021.713 | U8: =IF(P_FACT[[#This Row],[منفذ معتمد (C)]]>0,P_FACT[[#This Row],[الربحية (I)]]/P_FACT[[#This Row],[منفذ معتمد (C)]],0) -> 0.046325672 | V8: 173655.56 | W8: =IF(P_FACT[[#This Row],[منفذ معتمد (C)]]>0,P_FACT[[#This Row],[الاجور (J)]]/P_FACT[[#This Row],[منفذ معتمد (C)]],0) -> 0.099290795 | X8: 45433 | Y8: 45813 | Z8: =P_FACT[[#This Row],[تاريخ نهو المشروع المعدل شامل مد مدة الزمنى]]-P_FACT[[#This Row],[تاريخ بدء المشروع التعاقدى]] -> 380 | AA8: =P_FACT[[#This Row],[تاريخ نهو المشروع المعدل شامل مد مدة الزمنى]]-P_FACT[[#This Row],[تاريخ تحديث البيان]] -> -421 | AB8: =(P_FACT[[#This Row],[اجمالى المدة الزمنية المعتمدة]]-P_FACT[[#This Row],[المدة المنقضبة]])/P_FACT[[#This Row],[اجمالى المدة الزمنية المعتمدة]] -> 2.1078947
A9: {=_xlfn.XLOOKUP(P_FACT[[#This Row],[PROJECT ID]],Table3[PROJECT ID],Sheet1!$D$2:$D$142)} -> فرع جزر القمر | B9: 1116 | C9: Union of the Comoros | D9: 46234 | E9: مشروع طريق (موفوني بوبوني ) بطول 1.2 كم | F9: https://maps.app.goo.gl/8GYH2Pr142zBn2To7 | G9: 1046769.4 | H9: 675947.99 | I9: =P_FACT[[#This Row],[منفذ شامل مستخلص داخلى (B)]]/P_FACT[[#This Row],[اجمالى القيمة التعاقدية (A)]] -> 0.64574681 | J9: 675947.99 | K9: =P_FACT[[#This Row],[منفذ معتمد (C)]]/P_FACT[[#This Row],[اجمالى القيمة التعاقدية (A)]] -> 0.64574681 | L9: 548915.97 | M9: =IF(P_FACT[[#This Row],[منفذ معتمد (C)]]>0,P_FACT[[#This Row],[اعمال مسدده (D)]]/P_FACT[[#This Row],[منفذ معتمد (C)]],0) -> 0.81206836 | N9: 563808.26 | O9: =IF(P_FACT[[#This Row],[منفذ معتمد (C)]]>0,P_FACT[[#This Row],[سيولة محصلة (F)]]/P_FACT[[#This Row],[منفذ معتمد (C)]],0) -> 0.83410006 | P9: 127032.01 | Q9: =IF(P_FACT[[#This Row],[منفذ شامل مستخلص داخلى (B)]]>0,P_FACT[[#This Row],[الاعمال القابلة للصرف (H)]]/P_FACT[[#This Row],[منفذ شامل مستخلص داخلى (B)]],0) -> 0.18793164 | R9: 0 | S9: =IF(P_FACT[[#This Row],[منفذ معتمد (C)]]>0,P_FACT[[#This Row],[غير قابلة للصرف (G)]]/P_FACT[[#This Row],[منفذ معتمد (C)]],0) -> 0 | T9: 133846.02 | U9: =IF(P_FACT[[#This Row],[منفذ معتمد (C)]]>0,P_FACT[[#This Row],[الربحية (I)]]/P_FACT[[#This Row],[منفذ معتمد (C)]],0) -> 0.19801231 | V9: 86062.141 | W9: =IF(P_FACT[[#This Row],[منفذ معتمد (C)]]>0,P_FACT[[#This Row],[الاجور (J)]]/P_FACT[[#This Row],[منفذ معتمد (C)]],0) -> 0.12732066 | X9: 45950 | Y9: 46265 | Z9: =P_FACT[[#This Row],[تاريخ نهو المشروع المعدل شامل مد مدة الزمنى]]-P_FACT[[#This Row],[تاريخ بدء المشروع التعاقدى]] -> 315 | AA9: =P_FACT[[#This Row],[تاريخ نهو المشروع المعدل شامل مد مدة الزمنى]]-P_FACT[[#This Row],[تاريخ تحديث البيان]] -> 31 | AB9: =(P_FACT[[#This Row],[اجمالى المدة الزمنية المعتمدة]]-P_FACT[[#This Row],[المدة المنقضبة]])/P_FACT[[#This Row],[اجمالى المدة الزمنية المعتمدة]] -> 0.9015873
A10: {=_xlfn.XLOOKUP(P_FACT[[#This Row],[PROJECT ID]],Table3[PROJECT ID],Sheet1!$D$2:$D$142)} -> فرع جزر القمر | B10: 1024 | C10: Union of the Comoros | D10: 46234 | E10: مشروع الحماية الشاطئية 3 مواقع | F10: https://www.google.com/maps/dir/Foumbouni,+Comoros/-11.4044271,43.3779161/@-11.8638912,43.4940942,80m/data=!3m1!1e3!4m10!4m9!1m5!1m1!1s0x1898c005e61357e3:0xf71e2a51c44022e9!2m2!1d43.492161!2d-11.8648237!1m1!4e1!3e2?entry=ttu&g_ep=EgoyMDI0MDgyMS4wIKXMDSoASAFQAw%3D%3D | G10: 5651176.3 | H10: 4490623.8 | I10: =P_FACT[[#This Row],[منفذ شامل مستخلص داخلى (B)]]/P_FACT[[#This Row],[اجمالى القيمة التعاقدية (A)]] -> 0.79463523 | J10: 4213312.9 | K10: =P_FACT[[#This Row],[منفذ معتمد (C)]]/P_FACT[[#This Row],[اجمالى القيمة التعاقدية (A)]] -> 0.74556387 | L10: 4213312.9 | M10: =IF(P_FACT[[#This Row],[منفذ معتمد (C)]]>0,P_FACT[[#This Row],[اعمال مسدده (D)]]/P_FACT[[#This Row],[منفذ معتمد (C)]],0) -> 1 | N10: 5342965.3 | O10: =IF(P_FACT[[#This Row],[منفذ معتمد (C)]]>0,P_FACT[[#This Row],[سيولة محصلة (F)]]/P_FACT[[#This Row],[منفذ معتمد (C)]],0) -> 1.268115 | P10: 0 | Q10: =IF(P_FACT[[#This Row],[منفذ شامل مستخلص داخلى (B)]]>0,P_FACT[[#This Row],[الاعمال القابلة للصرف (H)]]/P_FACT[[#This Row],[منفذ شامل مستخلص داخلى (B)]],0) -> 0 | R10: 277310.92 | S10: =IF(P_FACT[[#This Row],[منفذ معتمد (C)]]>0,P_FACT[[#This Row],[غير قابلة للصرف (G)]]/P_FACT[[#This Row],[منفذ معتمد (C)]],0) -> 0.065817785 | T10: 172491.09 | U10: =IF(P_FACT[[#This Row],[منفذ معتمد (C)]]>0,P_FACT[[#This Row],[الربحية (I)]]/P_FACT[[#This Row],[منفذ معتمد (C)]],0) -> 0.040939541 | V10: 695460.01 | W10: =IF(P_FACT[[#This Row],[منفذ معتمد (C)]]>0,P_FACT[[#This Row],[الاجور (J)]]/P_FACT[[#This Row],[منفذ معتمد (C)]],0) -> 0.16506251 | X10: 45471 | Y10: 46172 | Z10: =P_FACT[[#This Row],[تاريخ نهو المشروع المعدل شامل مد مدة الزمنى]]-P_FACT[[#This Row],[تاريخ بدء المشروع التعاقدى]] -> 701 | AA10: =P_FACT[[#This Row],[تاريخ نهو المشروع المعدل شامل مد مدة الزمنى]]-P_FACT[[#This Row],[تاريخ تحديث البيان]] -> -62 | AB10: =(P_FACT[[#This Row],[اجمالى المدة الزمنية المعتمدة]]-P_FACT[[#This Row],[المدة المنقضبة]])/P_FACT[[#This Row],[اجمالى المدة الزمنية المعتمدة]] -> 1.0884451
A11: {=_xlfn.XLOOKUP(P_FACT[[#This Row],[PROJECT ID]],Table3[PROJECT ID],Sheet1!$D$2:$D$142)} -> فرع جزر القمر | B11: 1022 | C11: Union of the Comoros | D11: 46234 | E11: مشروع توسعة ميناء بونجوما | F11: https://www.google.com/maps/place/Boingoma/@-12.2895136,43.7542863,851m/data=!3m1!1e3!4m6!3m5!1s0x18a21d8f0b1a88c9:0x2cbf689db825d491!8m2!3d-12.2901542!4d43.7506254!16s%2Fg%2F11kj8fcr4d?entry=ttu&g_ep=EgoyMDI0MTIxMS4wIKXMDSoJLDEwMjExMjM0SAFQAw%3D%3D | G11: 55555556 | H11: 6953055.6 | I11: =P_FACT[[#This Row],[منفذ شامل مستخلص داخلى (B)]]/P_FACT[[#This Row],[اجمالى القيمة التعاقدية (A)]] -> 0.125155 | J11: 6490092.6 | K11: =P_FACT[[#This Row],[منفذ معتمد (C)]]/P_FACT[[#This Row],[اجمالى القيمة التعاقدية (A)]] -> 0.11682167 | L11: 5008611.1 | M11: =IF(P_FACT[[#This Row],[منفذ معتمد (C)]]>0,P_FACT[[#This Row],[اعمال مسدده (D)]]/P_FACT[[#This Row],[منفذ معتمد (C)]],0) -> 0.77173184 | N11: 16119722 | O11: =IF(P_FACT[[#This Row],[منفذ معتمد (C)]]>0,P_FACT[[#This Row],[سيولة محصلة (F)]]/P_FACT[[#This Row],[منفذ معتمد (C)]],0) -> 2.483743 | P11: 1481481.5 | Q11: =IF(P_FACT[[#This Row],[منفذ شامل مستخلص داخلى (B)]]>0,P_FACT[[#This Row],[الاعمال القابلة للصرف (H)]]/P_FACT[[#This Row],[منفذ شامل مستخلص داخلى (B)]],0) -> 0.21306913 | R11: 462962.96 | S11: =IF(P_FACT[[#This Row],[منفذ معتمد (C)]]>0,P_FACT[[#This Row],[غير قابلة للصرف (G)]]/P_FACT[[#This Row],[منفذ معتمد (C)]],0) -> 0.071333799 | T11: -2526075.6 | U11: =IF(P_FACT[[#This Row],[منفذ معتمد (C)]]>0,P_FACT[[#This Row],[الربحية (I)]]/P_FACT[[#This Row],[منفذ معتمد (C)]],0) -> -0.38922028 | V11: 2626901.9 | W11: =IF(P_FACT[[#This Row],[منفذ معتمد (C)]]>0,P_FACT[[#This Row],[الاجور (J)]]/P_FACT[[#This Row],[منفذ معتمد (C)]],0) -> 0.40475568 | X11: 45314 | Y11: 46610 | Z11: =P_FACT[[#This Row],[تاريخ نهو المشروع المعدل شامل مد مدة الزمنى]]-P_FACT[[#This Row],[تاريخ بدء المشروع التعاقدى]] -> 1296 | AA11: =P_FACT[[#This Row],[تاريخ نهو المشروع المعدل شامل مد مدة الزمنى]]-P_FACT[[#This Row],[تاريخ تحديث البيان]] -> 376 | AB11: =(P_FACT[[#This Row],[اجمالى المدة الزمنية المعتمدة]]-P_FACT[[#This Row],[المدة المنقضبة]])/P_FACT[[#This Row],[اجمالى المدة الزمنية المعتمدة]] -> 0.70987654
A12: {=_xlfn.XLOOKUP(P_FACT[[#This Row],[PROJECT ID]],Table3[PROJECT ID],Sheet1!$D$2:$D$142)} -> شركة المقاولون العرب العمانية | B12: 1032 | C12: Oman | D12: 46234 | E12: Construction of sewer network for C3C&C3D are -Seeb catchment | F12: https://maps.app.goo.gl/hWNCzxbRLQkztg459 | G12: 20769152 | H12: 9820179.2 | I12: =P_FACT[[#This Row],[منفذ شامل مستخلص داخلى (B)]]/P_FACT[[#This Row],[اجمالى القيمة التعاقدية (A)]] -> 0.47282525 | J12: 8872206.4 | K12: =P_FACT[[#This Row],[منفذ معتمد (C)]]/P_FACT[[#This Row],[اجمالى القيمة التعاقدية (A)]] -> 0.42718194 | L12: 8148580.3 | M12: =IF(P_FACT[[#This Row],[منفذ معتمد (C)]]>0,P_FACT[[#This Row],[اعمال مسدده (D)]]/P_FACT[[#This Row],[منفذ معتمد (C)]],0) -> 0.91843899 | N12: 8978685.7 | O12: =IF(P_FACT[[#This Row],[منفذ معتمد (C)]]>0,P_FACT[[#This Row],[سيولة محصلة (F)]]/P_FACT[[#This Row],[منفذ معتمد (C)]],0) -> 1.0120015 | P12: 723626.1 | Q12: =IF(P_FACT[[#This Row],[منفذ شامل مستخلص داخلى (B)]]>0,P_FACT[[#This Row],[الاعمال القابلة للصرف (H)]]/P_FACT[[#This Row],[منفذ شامل مستخلص داخلى (B)]],0) -> 0.073687668 | R12: 947972.86 | S12: =IF(P_FACT[[#This Row],[منفذ معتمد (C)]]>0,P_FACT[[#This Row],[غير قابلة للصرف (G)]]/P_FACT[[#This Row],[منفذ معتمد (C)]],0) -> 0.10684748 | T12: 196402.6 | U12: =IF(P_FACT[[#This Row],[منفذ معتمد (C)]]>0,P_FACT[[#This Row],[الربحية (I)]]/P_FACT[[#This Row],[منفذ معتمد (C)]],0) -> 0.022136838 | V12: 1575228.6 | W12: =IF(P_FACT[[#This Row],[منفذ معتمد (C)]]>0,P_FACT[[#This Row],[الاجور (J)]]/P_FACT[[#This Row],[منفذ معتمد (C)]],0) -> 0.17754643 | X12: 45530 | Y12: 46625 | Z12: =P_FACT[[#This Row],[تاريخ نهو المشروع المعدل شامل مد مدة الزمنى]]-P_FACT[[#This Row],[تاريخ بدء المشروع التعاقدى]] -> 1095 | AA12: =P_FACT[[#This Row],[تاريخ نهو المشروع المعدل شامل مد مدة الزمنى]]-P_FACT[[#This Row],[تاريخ تحديث البيان]] -> 391 | AB12: =(P_FACT[[#This Row],[اجمالى المدة الزمنية المعتمدة]]-P_FACT[[#This Row],[المدة المنقضبة]])/P_FACT[[#This Row],[اجمالى المدة الزمنية المعتمدة]] -> 0.64292237
A13: {=_xlfn.XLOOKUP(P_FACT[[#This Row],[PROJECT ID]],Table3[PROJECT ID],Sheet1!$D$2:$D$142)} -> شركة المقاولون العرب العمانية | B13: 1101 | C13: Oman | D13: 46234 | E13: Construction of sewer network for B7E are -Bausher catchment | F13: https://maps.app.goo.gl/kKAJgmhK8hVzAfbc7 | G13: 14721800 | H13: 8451948.1 | I13: =P_FACT[[#This Row],[منفذ شامل مستخلص داخلى (B)]]/P_FACT[[#This Row],[اجمالى القيمة التعاقدية (A)]] -> 0.57411105 | J13: 7807558.4 | K13: =P_FACT[[#This Row],[منفذ معتمد (C)]]/P_FACT[[#This Row],[اجمالى القيمة التعاقدية (A)]] -> 0.53033993 | L13: 6473724.7 | M13: =IF(P_FACT[[#This Row],[منفذ معتمد (C)]]>0,P_FACT[[#This Row],[اعمال مسدده (D)]]/P_FACT[[#This Row],[منفذ معتمد (C)]],0) -> 0.82916122 | N13: 7934594.8 | O13: =IF(P_FACT[[#This Row],[منفذ معتمد (C)]]>0,P_FACT[[#This Row],[سيولة محصلة (F)]]/P_FACT[[#This Row],[منفذ معتمد (C)]],0) -> 1.0162709 | P13: 1333833.8 | Q13: =IF(P_FACT[[#This Row],[منفذ شامل مستخلص داخلى (B)]]>0,P_FACT[[#This Row],[الاعمال القابلة للصرف (H)]]/P_FACT[[#This Row],[منفذ شامل مستخلص داخلى (B)]],0) -> 0.15781377 | R13: 644389.61 | S13: =IF(P_FACT[[#This Row],[منفذ معتمد (C)]]>0,P_FACT[[#This Row],[غير قابلة للصرف (G)]]/P_FACT[[#This Row],[منفذ معتمد (C)]],0) -> 0.082534075 | T13: 127111.69 | U13: =IF(P_FACT[[#This Row],[منفذ معتمد (C)]]>0,P_FACT[[#This Row],[الربحية (I)]]/P_FACT[[#This Row],[منفذ معتمد (C)]],0) -> 0.016280594 | V13: 1516311.7 | W13: =IF(P_FACT[[#This Row],[منفذ معتمد (C)]]>0,P_FACT[[#This Row],[الاجور (J)]]/P_FACT[[#This Row],[منفذ معتمد (C)]],0) -> 0.19421074 | X13: 45585 | Y13: 46314 | Z13: =P_FACT[[#This Row],[تاريخ نهو المشروع المعدل شامل مد مدة الزمنى]]-P_FACT[[#This Row],[تاريخ بدء المشروع التعاقدى]] -> 729 | AA13: =P_FACT[[#This Row],[تاريخ نهو المشروع المعدل شامل مد مدة الزمنى]]-P_FACT[[#This Row],[تاريخ تحديث البيان]] -> 80 | AB13: =(P_FACT[[#This Row],[اجمالى المدة الزمنية المعتمدة]]-P_FACT[[#This Row],[المدة المنقضبة]])/P_FACT[[#This Row],[اجمالى المدة الزمنية المعتمدة]] -> 0.89026063
... A91: {=_xlfn.XLOOKUP(P_FACT[[#This Row],[PROJECT ID]],Table3[PROJECT ID],Sheet1!$D$2:$D$142)} -> شركة المقاولون العرب الغانية | B91: 1134 | C91: Ghana | D91: 46234 | E91: Construction of Kumasi Outer Ring Road (15 km) - Lot 3 | F91: https://maps.app.goo.gl/tSMDsdthN13LxAWX9?g_st=ic | G91: 81858191 | H91: 0 | I91: =P_FACT[[#This Row],[منفذ شامل مستخلص داخلى (B)]]/P_FACT[[#This Row],[اجمالى القيمة التعاقدية (A)]] -> 0 | J91: 0 | K91: =P_FACT[[#This Row],[منفذ معتمد (C)]]/P_FACT[[#This Row],[اجمالى القيمة التعاقدية (A)]] -> 0 | L91: 0 | M91: =IF(P_FACT[[#This Row],[منفذ معتمد (C)]]>0,P_FACT[[#This Row],[اعمال مسدده (D)]]/P_FACT[[#This Row],[منفذ معتمد (C)]],0) -> 0 | N91: 0 | O91: =IF(P_FACT[[#This Row],[منفذ معتمد (C)]]>0,P_FACT[[#This Row],[سيولة محصلة (F)]]/P_FACT[[#This Row],[منفذ معتمد (C)]],0) -> 0 | P91: 0 | Q91: =IF(P_FACT[[#This Row],[منفذ شامل مستخلص داخلى (B)]]>0,P_FACT[[#This Row],[الاعمال القابلة للصرف (H)]]/P_FACT[[#This Row],[منفذ شامل مستخلص داخلى (B)]],0) -> 0 | R91: 0 | S91: =IF(P_FACT[[#This Row],[منفذ معتمد (C)]]>0,P_FACT[[#This Row],[غير قابلة للصرف (G)]]/P_FACT[[#This Row],[منفذ معتمد (C)]],0) -> 0 | T91: 0 | U91: =IF(P_FACT[[#This Row],[منفذ معتمد (C)]]>0,P_FACT[[#This Row],[الربحية (I)]]/P_FACT[[#This Row],[منفذ معتمد (C)]],0) -> 0 | V91: 0 | W91: =IF(P_FACT[[#This Row],[منفذ معتمد (C)]]>0,P_FACT[[#This Row],[الاجور (J)]]/P_FACT[[#This Row],[منفذ معتمد (C)]],0) -> 0 | X91: 46034 | Y91: 46764 | Z91: =P_FACT[[#This Row],[تاريخ نهو المشروع المعدل شامل مد مدة الزمنى]]-P_FACT[[#This Row],[تاريخ بدء المشروع التعاقدى]] -> 730 | AA91: =P_FACT[[#This Row],[تاريخ نهو المشروع المعدل شامل مد مدة الزمنى]]-P_FACT[[#This Row],[تاريخ تحديث البيان]] -> 530 | AB91: =(P_FACT[[#This Row],[اجمالى المدة الزمنية المعتمدة]]-P_FACT[[#This Row],[المدة المنقضبة]])/P_FACT[[#This Row],[اجمالى المدة الزمنية المعتمدة]] -> 0.2739726

Sheet Alart Back History
A1: PROJECT ID | B1: تاريخ تحديث البيان | C1: اسم المشروع | D1: موقف المطالبات و التحكيم | E1: BOQ هل يوجد مقايسة للمشروع معتمدة | F1: ما مدى دقة مقايسة المشروع | G1: هل تم اصدار خطاب ضمان الدفعة المقدمة / خطابات ضمان نهائى / وثيقة التأمين | H1: فى حالة ثبوت عدم القدرة على البدء هل تم الاجتماع مع العميل خلال 15 يوم من استلام امر الاسناد / خطاب النوايا لعرض المعوقات الموجودة بالمشروع | I1: فى حالة ثبوت عدم القدرة على البدء هل تم ارسال خطاب رسمى للعميل موضحا عدم القدر على البدء و متضمنا المعوقات | J1: هل تم اعداد برنامج توريدات (خامات / مهمات) مستوفى مراحل الشراء بداية من (طلب الشراء انتهاءا بالتوريد فى الموقع) | K1: هل تم إعتماد جميع مهام الكهروميكانيك سواء المحلية أو المستوردة | L1: هل تم إعداد برنامج تدفقات نقدية للمشروع وتم مراجعته مع مدير الشئون الفنية والمدير المالي ومدير الإدارة / الفرع
A2: 1057 | B2: 31/7/2026 | C2: CONSTRUCTION OF 44KM DUAL CARRIAGEWAY BIDA RING ROAD IN NIGER STATE | D2: لا يوجد | E2: نعم | F2: دقة متوسطة | G2: نعم | H2: لا يوجد مشاكل تخص القدرة على اليدء | I2: لا يوجد مشاكل تخص القدرة على اليدء | J2: نعم | K2: نعم | L2: نعم
A3: 1115 | B3: 31/7/2026 | C3: DUALISATION OF MINNA – BIDA ROAD 27 KM kAKAKPANGI TO BIDA ROAD (CH55+000-CH82+000 ) (LOT 3) | D3: لا يوجد | E3: نعم | F3: دقة متوسطة | G3: نعم | H3: لا يوجد مشاكل تخص القدرة على اليدء | I3: لا يوجد مشاكل تخص القدرة على اليدء | J3: نعم | K3: نعم | L3: نعم
A4: 1018 | B4: 31/7/2026 | C4: تشطيبات سجن تلمسان لوط 06-07 | D4: لا يوجد | E4: نعم | F4: دقة فوق المتوسطة | G4: لا | H4: لا يوجد مشاكل تخص القدرة على اليدء | I4: لا يوجد مشاكل تخص القدرة على اليدء | J4: لا | K4: نعم | L4: لا
A5: 1020 | B5: 31/7/2026 | C5: اقامة مبني المرافقين (الحرس الجمهوري) | D5: لا يوجد | E5: نعم | F5: دقة فوق المتوسطة | G5: نعم | H5: لا يوجد مشاكل تخص القدرة على اليدء | I5: لا يوجد مشاكل تخص القدرة على اليدء | J5: لا | K5: نعم | L5: لا
A6: 1019 | B6: 31/7/2026 | C6: تشطيبات فيلا ريفو المرحلة الثالثة | D6: لا يوجد | E6: نعم | F6: دقة فوق المتوسطة | G6: نعم | H6: لا يوجد مشاكل تخص القدرة على اليدء | I6: لا يوجد مشاكل تخص القدرة على اليدء | J6: لا | K6: نعم | L6: لا
A7: 1021 | B7: 31/7/2026 | C7: مركز سرطان الأطفال بباب الواد | D7: لا يوجد | E7: نعم | F7: دقة فوق المتوسطة | G7: نعم | H7: لا يوجد مشاكل تخص القدرة على اليدء | I7: لا يوجد مشاكل تخص القدرة على اليدء | J7: لا | K7: نعم | L7: لا
A8: 1023 | B8: 31/7/2026 | C8: مشروع طريق (اوزيو - اوسايو-باندا) بطول 6 كم | D8: لا يوجد | E8: نعم | F8: دقة متوسطة | G8: نعم | H8: نعم | I8: نعم | J8: نعم | K8: لا | L8: نعم
A9: 1116 | B9: 31/7/2026 | C9: مشروع طريق (موفوني بوبوني ) بطول 1.2 كم | D9: لا يوجد | E9: نعم | F9: دقة متوسطة | G9: نعم | H9: نعم | I9: نعم | J9: نعم | K9: لا | L9: نعم
A10: 1024 | B10: 31/7/2026 | C10: مشروع الحماية الشاطئية 3 مواقع | D10: يوجد | E10: نعم | F10: غير دقيقة تماما | G10: نعم | H10: نعم | I10: نعم | J10: نعم | K10: لا | L10: نعم
A11: 1022 | B11: 31/7/2026 | C11: مشروع توسعة ميناء بونجوما | D11: يوجد | E11: لا يوجد | G11: نعم | H11: نعم | I11: نعم | J11: نعم | K11: لا | L11: نعم
A12: 1032 | B12: 31/7/2026 | C12: Construction of sewer network for C3C&C3D are -Seeb catchment | D12: يوجد | E12: نعم | F12: دقة متوسطة | G12: نعم | H12: لا يوجد مشاكل تخص القدرة على اليدء | I12: لا يوجد مشاكل تخص القدرة على اليدء | J12: نعم | K12: نعم | L12: نعم
A13: 1101 | B13: 31/7/2026 | C13: Construction of sewer network for B7E are -Bausher catchment | D13: يوجد | E13: نعم | F13: دقة متوسطة | G13: نعم | H13: لا يوجد مشاكل تخص القدرة على اليدء | I13: لا يوجد مشاكل تخص القدرة على اليدء | J13: نعم | K13: نعم | L13: نعم
A14: 1102 | B14: 31/7/2026 | C14: Construction of Sewer Network for C5A & C5B Areas in A’seeb Catchment | D14: يوجد | E14: نعم | F14: دقة متوسطة | G14: نعم | H14: لا يوجد مشاكل تخص القدرة على اليدء | I14: لا يوجد مشاكل تخص القدرة على اليدء | J14: نعم | K14: نعم | L14: نعم
A15: 1103 | B15: 31/7/2026 | C15: Construction of Flood Protection Dam in Wadi Al Zyhimi, Wilayat Liwa, North Al Batinah Governorate | D15: لا يوجد | E15: نعم | F15: دقة متوسطة | G15: نعم | H15: لا يوجد مشاكل تخص القدرة على اليدء | I15: لا يوجد مشاكل تخص القدرة على اليدء | J15: نعم | K15: نعم | L15: نعم
A16: 1113 | B16: 31/7/2026 | C16: Construction Of Recharge Dam At Wadi Al Maantiya In Wilayat Al Rustaq Al Batinah South Governorate | D16: لا يوجد | E16: نعم | F16: دقة متوسطة | G16: نعم | H16: لا يوجد مشاكل تخص القدرة على اليدء | I16: لا يوجد مشاكل تخص القدرة على اليدء | J16: نعم | K16: نعم | L16: نعم
A17: 1033 | B17: 31/7/2026 | C17: شبكات صرف صحي عنجر | D17: لا يوجد | E17: نعم | F17: دقة متوسطة | G17: نعم | H17: لا يوجد مشاكل تخص القدرة على اليدء | I17: لا يوجد مشاكل تخص القدرة على اليدء | J17: نعم | K17: نعم | L17: نعم
A18: 1106 | B18: 31/7/2026 | C18: OF THE CONSTRUCTION OF IKOT EKPENE- BORDER- ABA - OWERRI PHASE II | D18: لا يوجد | E18: نعم | F18: دقة متوسطة | G18: نعم | H18: لا يوجد مشاكل تخص القدرة على اليدء | I18: لا يوجد مشاكل تخص القدرة على اليدء | J18: نعم | K18: نعم | L18: نعم
A19: 1065 | B19: 31/7/2026 | C19: PROVISION OF ENGINEERING INFRASTRUCTURE FOR WUYE DISTRICT - ABUJA | D19: لا يوجد | E19: نعم | F19: دقة فوق المتوسطة | G19: نعم | H19: لا يوجد مشاكل تخص القدرة على اليدء | I19: لا يوجد مشاكل تخص القدرة على اليدء | J19: نعم | K19: نعم | L19: نعم
A20: 1059 | B20: 31/7/2026 | C20: REHABILITATION OF ENUGU PORT HARCOURT ROAD | D20: لا يوجد | E20: نعم | F20: دقة فوق المتوسطة | G20: نعم | H20: لا يوجد مشاكل تخص القدرة على اليدء | I20: لا يوجد مشاكل تخص القدرة على اليدء | J20: نعم | K20: نعم | L20: نعم
A21: 1062 | B21: 31/7/2026 | C21: REHABILITATION OF GBERIGBE ROAD IN IKORODU L.G.A | D21: لا يوجد | E21: نعم | F21: دقة متوسطة | G21: نعم | H21: لا يوجد مشاكل تخص القدرة على اليدء | I21: لا يوجد مشاكل تخص القدرة على اليدء | J21: نعم | K21: نعم | L21: نعم
A22: 1063 | B22: 31/7/2026 | C22: REHABILITATION OF IKORODU SHAGAMU ROAD IN LAGOS AND OGUN STATE | D22: لا يوجد | E22: نعم | F22: دقة متوسطة | G22: نعم | H22: لا يوجد مشاكل تخص القدرة على اليدء | I22: لا يوجد مشاكل تخص القدرة على اليدء | J22: نعم | K22: نعم | L22: نعم
A23: 1029 | B23: 31/7/2026 | C23: إنشاء وإنـجـاز وصيانة عدد1777 بيت والمباني العامه وأعمال الطبقات السطحيه للأسفلت وأعمال توريد وتركيب كيبلات الضغط المنخفض والمتوسط وأعمال إناره الطرق بالقطاع (BP-3) بمشروع المساكن الميسره | D23: لا يوجد | E23: نعم | F23: دقيقة للغاية | G23: نعم | H23: لا يوجد مشاكل تخص القدرة على اليدء | I23: لا يوجد مشاكل تخص القدرة على اليدء | J23: نعم | K23: نعم | L23: نعم
... A88: 1089 | B88: 31/7/2026 | C88: نكومتو -كاتنجا-فيبى فيلاج | D88: لا يوجد | E88: نعم | F88: دقة متوسطة | G88: نعم | H88: نعم | I88: نعم | J88: نعم | K88: لا | L88: نعم
A89: 1126 | B89: 31/7/2026 | C89: أعمال إنشاء طريق أبشا - أم زوير بطول 80 كم | E89: نعم | F89: دقيقة للغاية | G89: نعم | H89: نعم | I89: لا | J89: لا | K89: نعم | L89: نعم
A90: 1127 | B90: 31/7/2026 | C90: أعمال إنشاء طريق جريدا - إريبا بطول 85 كم | E90: نعم | F90: دقيقة للغاية | G90: نعم | H90: نعم | I90: لا | J90: لا | K90: نعم | L90: نعم
A91: 1134 | B91: 31/7/2026 | C91: Construction of Kumasi Outer Ring Road (15 km) - Lot 3 | E91: نعم | F91: غير دقيقة تماما | G91: نعم | H91: نعم | I91: نعم | J91: لا | K91: لا | L91: لا
